Student_ID,Course_ID_x,Date,Time_Spent_Minutes,Completion_Percentage,Course_ID_y,Rating,Feedback_Text,Name,Age,Gender,Location,Enrolment_Date
S002,PY202,03/02/2024,45,32.2,PY202,3,Well structured,Student_2,32,Other,Chennai,27/02/2023
S002,UX303,15/03/2024,119,90.8,PY202,3,Well structured,Student_2,32,Other,Chennai,27/02/2023
S002,WD404,16/02/2024,66,99.76,PY202,3,Well structured,Student_2,32,Other,Chennai,27/02/2023
S002,PY202,06/03/2024,136,18.18,PY202,3,Well structured,Student_2,32,Other,Chennai,27/02/2023
S002,DM101,15/01/2024,49,66.47,PY202,3,Well structured,Student_2,32,Other,Chennai,27/02/2023
S002,WD404,17/03/2024,26,44.63,PY202,3,Well structured,Student_2,32,Other,Chennai,27/02/2023
S002,WD404,08/03/2024,74,97.4,PY202,3,Well structured,Student_2,32,Other,Chennai,27/02/2023
S002,DM101,28/03/2024,39,71.35,PY202,3,Well structured,Student_2,32,Other,Chennai,27/02/2023
S002,UX303,23/03/2024,97,20.04,PY202,3,Well structured,Student_2,32,Other,Chennai,27/02/2023
S002,WD404,21/01/2024,126,10.29,PY202,3,Well structured,Student_2,32,Other,Chennai,27/02/2023
S004,WD404,11/03/2024,52,33.86,DM101,1,Excellent instructor,Student_4,25,Female,Bangalore,21/05/2023
S004,WD404,28/01/2024,148,77.97,DM101,1,Excellent instructor,Student_4,25,Female,Bangalore,21/05/2023
S004,PY202,09/02/2024,112,99.56,DM101,1,Excellent instructor,Student_4,25,Female,Bangalore,21/05/2023
S004,UX303,26/02/2024,142,50.63,DM101,1,Excellent instructor,Student_4,25,Female,Bangalore,21/05/2023
S004,PY202,29/01/2024,26,40.43,DM101,1,Excellent instructor,Student_4,25,Female,Bangalore,21/05/2023
S005,PY202,01/01/2024,28,73.71,DM101,4,Loved the examples,Student_5,24,Other,Delhi,06/05/2023
S005,DM101,30/01/2024,27,91.49,DM101,4,Loved the examples,Student_5,24,Other,Delhi,06/05/2023
S005,UX303,10/01/2024,141,31.42,DM101,4,Loved the examples,Student_5,24,Other,Delhi,06/05/2023
S005,WD404,28/01/2024,148,21.91,DM101,4,Loved the examples,Student_5,24,Other,Delhi,06/05/2023
S005,WD404,01/02/2024,131,82.67,DM101,4,Loved the examples,Student_5,24,Other,Delhi,06/05/2023
S005,PY202,13/01/2024,34,69.31,DM101,4,Loved the examples,Student_5,24,Other,Delhi,06/05/2023
S006,WD404,22/02/2024,129,87.75,DM101,1,Loved the examples,Student_6,28,Other,Delhi,25/04/2023
S006,DM101,27/03/2024,177,98.57,DM101,1,Loved the examples,Student_6,28,Other,Delhi,25/04/2023
S006,DM101,08/01/2024,113,75.54,DM101,1,Loved the examples,Student_6,28,Other,Delhi,25/04/2023
S006,DM101,01/02/2024,59,27.12,DM101,1,Loved the examples,Student_6,28,Other,Delhi,25/04/2023
S006,WD404,18/01/2024,118,26.51,DM101,1,Loved the examples,Student_6,28,Other,Delhi,25/04/2023
S006,WD404,01/02/2024,29,49.88,DM101,1,Loved the examples,Student_6,28,Other,Delhi,25/04/2023
S006,DM101,07/01/2024,176,99.94,DM101,1,Loved the examples,Student_6,28,Other,Delhi,25/04/2023
S006,DM101,12/01/2024,70,24.97,DM101,1,Loved the examples,Student_6,28,Other,Delhi,25/04/2023
S008,WD404,25/03/2024,159,60.87,DM101,2,Could be better,Student_8,21,Other,Bangalore,22/02/2023
S008,UX303,03/02/2024,62,70.28,DM101,2,Could be better,Student_8,21,Other,Bangalore,22/02/2023
S008,UX303,31/01/2024,77,45.62,DM101,2,Could be better,Student_8,21,Other,Bangalore,22/02/2023
S008,UX303,28/02/2024,90,93.61,DM101,2,Could be better,Student_8,21,Other,Bangalore,22/02/2023
S009,DM101,28/02/2024,169,99.86,UX303,4,Well structured,Student_9,25,Other,Kolkata,13/12/2023
S009,DM101,10/01/2024,147,29.18,UX303,4,Well structured,Student_9,25,Other,Kolkata,13/12/2023
S009,UX303,17/01/2024,99,89.28,UX303,4,Well structured,Student_9,25,Other,Kolkata,13/12/2023
S009,PY202,17/02/2024,82,24.2,UX303,4,Well structured,Student_9,25,Other,Kolkata,13/12/2023
S010,DM101,26/03/2024,151,36.94,WD404,4,Loved the examples,Student_10,20,Female,Bangalore,07/10/2023
S010,DM101,18/01/2024,77,20.39,WD404,4,Loved the examples,Student_10,20,Female,Bangalore,07/10/2023
S010,DM101,11/03/2024,49,34.51,WD404,4,Loved the examples,Student_10,20,Female,Bangalore,07/10/2023
S010,PY202,13/02/2024,62,71.87,WD404,4,Loved the examples,Student_10,20,Female,Bangalore,07/10/2023
S010,UX303,05/03/2024,135,32.6,WD404,4,Loved the examples,Student_10,20,Female,Bangalore,07/10/2023
S010,DM101,12/01/2024,172,48.12,WD404,4,Loved the examples,Student_10,20,Female,Bangalore,07/10/2023
S010,UX303,06/01/2024,10,40.02,WD404,4,Loved the examples,Student_10,20,Female,Bangalore,07/10/2023
S011,UX303,21/01/2024,123,59.65,PY202,5,Needs improvement,Student_11,19,Female,Chennai,14/02/2023
S011,WD404,12/03/2024,12,20.07,PY202,5,Needs improvement,Student_11,19,Female,Chennai,14/02/2023
S011,PY202,10/03/2024,19,85.11,PY202,5,Needs improvement,Student_11,19,Female,Chennai,14/02/2023
S011,PY202,25/02/2024,42,13.76,PY202,5,Needs improvement,Student_11,19,Female,Chennai,14/02/2023
S011,UX303,06/01/2024,101,28.91,PY202,5,Needs improvement,Student_11,19,Female,Chennai,14/02/2023
S014,DM101,14/01/2024,162,49.11,UX303,2,Excellent instructor,Student_14,19,Other,Chennai,17/01/2023
S014,UX303,25/02/2024,165,98.58,UX303,2,Excellent instructor,Student_14,19,Other,Chennai,17/01/2023
S014,DM101,19/02/2024,157,27.11,UX303,2,Excellent instructor,Student_14,19,Other,Chennai,17/01/2023
S014,DM101,31/03/2024,121,10.15,UX303,2,Excellent instructor,Student_14,19,Other,Chennai,17/01/2023
S014,PY202,16/02/2024,120,16.3,UX303,2,Excellent instructor,Student_14,19,Other,Chennai,17/01/2023
S014,UX303,20/03/2024,90,69.7,UX303,2,Excellent instructor,Student_14,19,Other,Chennai,17/01/2023
S014,DM101,08/02/2024,139,37.84,UX303,2,Excellent instructor,Student_14,19,Other,Chennai,17/01/2023
S015,UX303,21/02/2024,85,59.9,DM101,3,Needs improvement,Student_15,18,Other,Bangalore,16/01/2023
S015,PY202,23/02/2024,180,94.63,DM101,3,Needs improvement,Student_15,18,Other,Bangalore,16/01/2023
S015,PY202,19/03/2024,155,37.09,DM101,3,Needs improvement,Student_15,18,Other,Bangalore,16/01/2023
S015,DM101,08/02/2024,83,28.92,DM101,3,Needs improvement,Student_15,18,Other,Bangalore,16/01/2023
S015,UX303,29/02/2024,123,49.79,DM101,3,Needs improvement,Student_15,18,Other,Bangalore,16/01/2023
S015,PY202,06/03/2024,131,81.44,DM101,3,Needs improvement,Student_15,18,Other,Bangalore,16/01/2023
S015,PY202,25/03/2024,31,35.54,DM101,3,Needs improvement,Student_15,18,Other,Bangalore,16/01/2023
S015,UX303,12/01/2024,70,70.55,DM101,3,Needs improvement,Student_15,18,Other,Bangalore,16/01/2023
S015,PY202,26/01/2024,47,12.2,DM101,3,Needs improvement,Student_15,18,Other,Bangalore,16/01/2023
S016,WD404,19/03/2024,28,50.99,DM101,3,Loved the examples,Student_16,29,Male,Mumbai,17/02/2023
S016,PY202,30/03/2024,108,54.49,DM101,3,Loved the examples,Student_16,29,Male,Mumbai,17/02/2023
S016,PY202,19/01/2024,177,71.89,DM101,3,Loved the examples,Student_16,29,Male,Mumbai,17/02/2023
S016,DM101,24/02/2024,66,25.83,DM101,3,Loved the examples,Student_16,29,Male,Mumbai,17/02/2023
S016,WD404,07/01/2024,152,32.43,DM101,3,Loved the examples,Student_16,29,Male,Mumbai,17/02/2023
S016,DM101,28/02/2024,44,82.13,DM101,3,Loved the examples,Student_16,29,Male,Mumbai,17/02/2023
S017,WD404,19/03/2024,139,48.41,PY202,5,Great course!,Student_17,29,Male,Bangalore,22/04/2023
S017,WD404,21/01/2024,131,50.51,PY202,5,Great course!,Student_17,29,Male,Bangalore,22/04/2023
S017,PY202,22/03/2024,80,78.92,PY202,5,Great course!,Student_17,29,Male,Bangalore,22/04/2023
S017,WD404,21/03/2024,71,34.71,PY202,5,Great course!,Student_17,29,Male,Bangalore,22/04/2023
S017,DM101,06/02/2024,70,34.45,PY202,5,Great course!,Student_17,29,Male,Bangalore,22/04/2023
S017,UX303,10/03/2024,30,22.45,PY202,5,Great course!,Student_17,29,Male,Bangalore,22/04/2023
S017,PY202,19/02/2024,49,73.58,PY202,5,Great course!,Student_17,29,Male,Bangalore,22/04/2023
S017,DM101,23/02/2024,114,39.78,PY202,5,Great course!,Student_17,29,Male,Bangalore,22/04/2023
S018,WD404,08/01/2024,62,84.96,PY202,3,Too fast-paced,Student_18,34,Female,Bangalore,30/04/2023
S018,WD404,15/03/2024,15,87.11,PY202,3,Too fast-paced,Student_18,34,Female,Bangalore,30/04/2023
S018,WD404,02/03/2024,11,94.85,PY202,3,Too fast-paced,Student_18,34,Female,Bangalore,30/04/2023
S018,UX303,19/02/2024,117,58.44,PY202,3,Too fast-paced,Student_18,34,Female,Bangalore,30/04/2023
S018,PY202,03/03/2024,66,34.56,PY202,3,Too fast-paced,Student_18,34,Female,Bangalore,30/04/2023
S018,WD404,04/01/2024,109,40.25,PY202,3,Too fast-paced,Student_18,34,Female,Bangalore,30/04/2023
S018,WD404,22/01/2024,129,92.76,PY202,3,Too fast-paced,Student_18,34,Female,Bangalore,30/04/2023
S018,DM101,20/02/2024,161,60.8,PY202,3,Too fast-paced,Student_18,34,Female,Bangalore,30/04/2023
S018,DM101,11/01/2024,174,48.58,PY202,3,Too fast-paced,Student_18,34,Female,Bangalore,30/04/2023
S018,WD404,24/01/2024,22,33.41,PY202,3,Too fast-paced,Student_18,34,Female,Bangalore,30/04/2023
S019,PY202,28/02/2024,93,40.38,UX303,2,Needs improvement,Student_19,27,Male,Chennai,16/09/2023
S019,WD404,05/02/2024,117,32.7,UX303,2,Needs improvement,Student_19,27,Male,Chennai,16/09/2023
S019,DM101,01/03/2024,14,77.41,UX303,2,Needs improvement,Student_19,27,Male,Chennai,16/09/2023
S019,DM101,14/02/2024,67,68.51,UX303,2,Needs improvement,Student_19,27,Male,Chennai,16/09/2023
S019,DM101,04/01/2024,73,27.94,UX303,2,Needs improvement,Student_19,27,Male,Chennai,16/09/2023
S019,DM101,20/03/2024,49,31.47,UX303,2,Needs improvement,Student_19,27,Male,Chennai,16/09/2023
S019,WD404,26/03/2024,39,60.76,UX303,2,Needs improvement,Student_19,27,Male,Chennai,16/09/2023
S019,PY202,29/02/2024,75,79.02,UX303,2,Needs improvement,Student_19,27,Male,Chennai,16/09/2023
S021,UX303,09/01/2024,139,68.28,UX303,4,Needs improvement,Student_21,32,Other,Delhi,14/01/2023
S021,DM101,23/02/2024,135,19.5,UX303,4,Needs improvement,Student_21,32,Other,Delhi,14/01/2023
S021,UX303,22/03/2024,127,73.66,UX303,4,Needs improvement,Student_21,32,Other,Delhi,14/01/2023
S021,WD404,23/01/2024,143,96.89,UX303,4,Needs improvement,Student_21,32,Other,Delhi,14/01/2023
S021,UX303,19/03/2024,147,79.72,UX303,4,Needs improvement,Student_21,32,Other,Delhi,14/01/2023
S021,WD404,25/02/2024,161,34.16,UX303,4,Needs improvement,Student_21,32,Other,Delhi,14/01/2023
S021,PY202,12/01/2024,81,89.35,UX303,4,Needs improvement,Student_21,32,Other,Delhi,14/01/2023
S021,PY202,29/02/2024,155,64.93,UX303,4,Needs improvement,Student_21,32,Other,Delhi,14/01/2023
S021,WD404,13/02/2024,17,54.49,UX303,4,Needs improvement,Student_21,32,Other,Delhi,14/01/2023
S022,PY202,03/03/2024,64,41.93,PY202,4,Could be better,Student_22,32,Male,Delhi,15/10/2023
S022,UX303,13/02/2024,81,89.23,PY202,4,Could be better,Student_22,32,Male,Delhi,15/10/2023
S022,UX303,12/03/2024,12,56.5,PY202,4,Could be better,Student_22,32,Male,Delhi,15/10/2023
S022,PY202,11/01/2024,71,74.81,PY202,4,Could be better,Student_22,32,Male,Delhi,15/10/2023
S022,WD404,12/03/2024,71,72.15,PY202,4,Could be better,Student_22,32,Male,Delhi,15/10/2023
S022,WD404,27/02/2024,14,18.37,PY202,4,Could be better,Student_22,32,Male,Delhi,15/10/2023
S022,PY202,21/02/2024,72,37.56,PY202,4,Could be better,Student_22,32,Male,Delhi,15/10/2023
S022,UX303,01/03/2024,151,57.78,PY202,4,Could be better,Student_22,32,Male,Delhi,15/10/2023
S023,UX303,15/02/2024,126,34.38,PY202,1,Excellent instructor,Student_23,29,Other,Mumbai,12/04/2023
S023,UX303,30/01/2024,40,74.92,PY202,1,Excellent instructor,Student_23,29,Other,Mumbai,12/04/2023
S023,UX303,16/01/2024,147,95.58,PY202,1,Excellent instructor,Student_23,29,Other,Mumbai,12/04/2023
S023,PY202,25/01/2024,65,76.47,PY202,1,Excellent instructor,Student_23,29,Other,Mumbai,12/04/2023
S023,UX303,16/03/2024,144,63.71,PY202,1,Excellent instructor,Student_23,29,Other,Mumbai,12/04/2023
S023,DM101,25/01/2024,85,30.47,PY202,1,Excellent instructor,Student_23,29,Other,Mumbai,12/04/2023
S023,PY202,08/02/2024,13,73.72,PY202,1,Excellent instructor,Student_23,29,Other,Mumbai,12/04/2023
S023,PY202,05/02/2024,21,97.69,PY202,1,Excellent instructor,Student_23,29,Other,Mumbai,12/04/2023
S023,UX303,30/03/2024,42,67.41,PY202,1,Excellent instructor,Student_23,29,Other,Mumbai,12/04/2023
S028,UX303,11/02/2024,39,97.32,WD404,1,Very helpful,Student_28,24,Other,Delhi,23/04/2023
S028,WD404,06/03/2024,10,69.19,WD404,1,Very helpful,Student_28,24,Other,Delhi,23/04/2023
S028,WD404,22/02/2024,23,26.88,WD404,1,Very helpful,Student_28,24,Other,Delhi,23/04/2023
S028,UX303,20/03/2024,137,66.29,WD404,1,Very helpful,Student_28,24,Other,Delhi,23/04/2023
S028,DM101,27/01/2024,78,59.43,WD404,1,Very helpful,Student_28,24,Other,Delhi,23/04/2023
S028,UX303,26/02/2024,134,20.93,WD404,1,Very helpful,Student_28,24,Other,Delhi,23/04/2023
S028,PY202,31/03/2024,50,37.97,WD404,1,Very helpful,Student_28,24,Other,Delhi,23/04/2023
S028,DM101,11/03/2024,114,18.39,WD404,1,Very helpful,Student_28,24,Other,Delhi,23/04/2023
S029,WD404,16/01/2024,175,84.89,UX303,3,Could be better,Student_29,21,Other,Mumbai,18/08/2023
S029,WD404,07/02/2024,140,73.49,UX303,3,Could be better,Student_29,21,Other,Mumbai,18/08/2023
S029,WD404,02/03/2024,130,31.94,UX303,3,Could be better,Student_29,21,Other,Mumbai,18/08/2023
S029,PY202,19/02/2024,58,92.97,UX303,3,Could be better,Student_29,21,Other,Mumbai,18/08/2023
S030,DM101,05/02/2024,116,40.59,DM101,4,Too fast-paced,Student_30,31,Female,Mumbai,29/10/2023
S030,UX303,01/01/2024,82,75.34,DM101,4,Too fast-paced,Student_30,31,Female,Mumbai,29/10/2023
S030,WD404,20/01/2024,124,58.47,DM101,4,Too fast-paced,Student_30,31,Female,Mumbai,29/10/2023
S030,UX303,12/02/2024,151,78.66,DM101,4,Too fast-paced,Student_30,31,Female,Mumbai,29/10/2023
S030,WD404,28/02/2024,92,88.26,DM101,4,Too fast-paced,Student_30,31,Female,Mumbai,29/10/2023
S032,UX303,20/03/2024,111,68.49,PY202,2,Very helpful,Student_32,19,Female,Chennai,04/01/2023
S032,UX303,27/03/2024,146,44.2,PY202,2,Very helpful,Student_32,19,Female,Chennai,04/01/2023
S032,UX303,21/03/2024,134,88.51,PY202,2,Very helpful,Student_32,19,Female,Chennai,04/01/2023
S032,DM101,20/03/2024,27,31.13,PY202,2,Very helpful,Student_32,19,Female,Chennai,04/01/2023
S032,UX303,30/01/2024,33,49.06,PY202,2,Very helpful,Student_32,19,Female,Chennai,04/01/2023
S032,DM101,22/03/2024,35,49.93,PY202,2,Very helpful,Student_32,19,Female,Chennai,04/01/2023
S032,UX303,04/01/2024,21,39.19,PY202,2,Very helpful,Student_32,19,Female,Chennai,04/01/2023
S034,PY202,04/03/2024,159,22.88,PY202,1,Very helpful,Student_34,24,Female,Delhi,24/12/2023
S034,WD404,22/03/2024,75,51.36,PY202,1,Very helpful,Student_34,24,Female,Delhi,24/12/2023
S034,DM101,29/02/2024,83,70.98,PY202,1,Very helpful,Student_34,24,Female,Delhi,24/12/2023
S034,PY202,10/01/2024,123,95.07,PY202,1,Very helpful,Student_34,24,Female,Delhi,24/12/2023
S034,UX303,22/03/2024,118,72.13,PY202,1,Very helpful,Student_34,24,Female,Delhi,24/12/2023
S034,WD404,08/02/2024,60,99.94,PY202,1,Very helpful,Student_34,24,Female,Delhi,24/12/2023
S034,WD404,14/01/2024,70,44.32,PY202,1,Very helpful,Student_34,24,Female,Delhi,24/12/2023
S034,UX303,14/03/2024,85,99.34,PY202,1,Very helpful,Student_34,24,Female,Delhi,24/12/2023
S034,UX303,03/01/2024,178,45.62,PY202,1,Very helpful,Student_34,24,Female,Delhi,24/12/2023
S035,DM101,18/03/2024,137,84.96,PY202,4,Very helpful,Student_35,29,Male,Chennai,05/08/2023
S035,UX303,30/01/2024,165,82.17,PY202,4,Very helpful,Student_35,29,Male,Chennai,05/08/2023
S035,PY202,22/03/2024,58,65.88,PY202,4,Very helpful,Student_35,29,Male,Chennai,05/08/2023
S036,DM101,21/03/2024,175,13.55,DM101,5,Excellent instructor,Student_36,25,Male,Chennai,24/06/2023
S036,WD404,05/01/2024,158,42.84,DM101,5,Excellent instructor,Student_36,25,Male,Chennai,24/06/2023
S036,PY202,12/01/2024,85,39.4,DM101,5,Excellent instructor,Student_36,25,Male,Chennai,24/06/2023
S036,WD404,23/01/2024,61,21.89,DM101,5,Excellent instructor,Student_36,25,Male,Chennai,24/06/2023
S036,UX303,08/03/2024,138,92.21,DM101,5,Excellent instructor,Student_36,25,Male,Chennai,24/06/2023
S037,UX303,02/03/2024,85,77.19,UX303,3,Too fast-paced,Student_37,32,Female,Delhi,23/05/2023
S037,UX303,15/01/2024,129,96.66,UX303,3,Too fast-paced,Student_37,32,Female,Delhi,23/05/2023
S037,PY202,29/01/2024,111,97.05,UX303,3,Too fast-paced,Student_37,32,Female,Delhi,23/05/2023
S037,UX303,12/01/2024,111,11.25,UX303,3,Too fast-paced,Student_37,32,Female,Delhi,23/05/2023
S037,DM101,28/02/2024,104,70.55,UX303,3,Too fast-paced,Student_37,32,Female,Delhi,23/05/2023
S038,WD404,22/03/2024,105,19.75,WD404,3,Great course!,Student_38,20,Female,Mumbai,21/03/2023
S038,PY202,01/03/2024,16,65.76,WD404,3,Great course!,Student_38,20,Female,Mumbai,21/03/2023
S038,UX303,19/03/2024,66,68.29,WD404,3,Great course!,Student_38,20,Female,Mumbai,21/03/2023
S038,WD404,30/03/2024,87,68.43,WD404,3,Great course!,Student_38,20,Female,Mumbai,21/03/2023
S038,DM101,18/01/2024,21,95.16,WD404,3,Great course!,Student_38,20,Female,Mumbai,21/03/2023
S038,UX303,04/03/2024,39,18.75,WD404,3,Great course!,Student_38,20,Female,Mumbai,21/03/2023
S038,PY202,19/02/2024,126,43.39,WD404,3,Great course!,Student_38,20,Female,Mumbai,21/03/2023
S039,PY202,23/02/2024,177,18.91,DM101,5,Too fast-paced,Student_39,31,Female,Delhi,21/04/2023
S039,WD404,19/03/2024,114,94.51,DM101,5,Too fast-paced,Student_39,31,Female,Delhi,21/04/2023
S039,UX303,05/01/2024,104,29.55,DM101,5,Too fast-paced,Student_39,31,Female,Delhi,21/04/2023
S039,WD404,31/01/2024,102,18.94,DM101,5,Too fast-paced,Student_39,31,Female,Delhi,21/04/2023
S039,UX303,10/03/2024,175,42.28,DM101,5,Too fast-paced,Student_39,31,Female,Delhi,21/04/2023
S039,WD404,05/02/2024,58,97.14,DM101,5,Too fast-paced,Student_39,31,Female,Delhi,21/04/2023
S039,WD404,12/01/2024,179,29.09,DM101,5,Too fast-paced,Student_39,31,Female,Delhi,21/04/2023
S039,DM101,07/01/2024,95,31.92,DM101,5,Too fast-paced,Student_39,31,Female,Delhi,21/04/2023
S039,PY202,13/03/2024,62,16.17,DM101,5,Too fast-paced,Student_39,31,Female,Delhi,21/04/2023
S040,PY202,30/01/2024,94,79.69,DM101,5,Too fast-paced,Student_40,34,Other,Chennai,22/06/2023
S040,DM101,05/02/2024,47,98.88,DM101,5,Too fast-paced,Student_40,34,Other,Chennai,22/06/2023
S040,UX303,23/01/2024,38,69.5,DM101,5,Too fast-paced,Student_40,34,Other,Chennai,22/06/2023
S040,DM101,17/01/2024,13,42.24,DM101,5,Too fast-paced,Student_40,34,Other,Chennai,22/06/2023
S040,PY202,16/03/2024,92,11.42,DM101,5,Too fast-paced,Student_40,34,Other,Chennai,22/06/2023
S040,UX303,07/01/2024,42,76.75,DM101,5,Too fast-paced,Student_40,34,Other,Chennai,22/06/2023
S041,DM101,01/03/2024,124,80.02,UX303,1,Needs improvement,Student_41,21,Female,Kolkata,22/02/2023
S041,DM101,27/02/2024,138,29.94,UX303,1,Needs improvement,Student_41,21,Female,Kolkata,22/02/2023
S041,DM101,25/03/2024,143,37.15,UX303,1,Needs improvement,Student_41,21,Female,Kolkata,22/02/2023
S041,DM101,08/01/2024,132,86.26,UX303,1,Needs improvement,Student_41,21,Female,Kolkata,22/02/2023
S042,DM101,03/03/2024,123,16.61,WD404,1,Could be better,Student_42,25,Other,Kolkata,17/02/2023
S042,DM101,11/02/2024,165,23.35,WD404,1,Could be better,Student_42,25,Other,Kolkata,17/02/2023
S042,PY202,05/02/2024,169,66.98,WD404,1,Could be better,Student_42,25,Other,Kolkata,17/02/2023
S042,UX303,18/02/2024,162,57.75,WD404,1,Could be better,Student_42,25,Other,Kolkata,17/02/2023
S042,WD404,05/03/2024,164,48.72,WD404,1,Could be better,Student_42,25,Other,Kolkata,17/02/2023
S042,DM101,24/03/2024,176,88.99,WD404,1,Could be better,Student_42,25,Other,Kolkata,17/02/2023
S042,PY202,25/02/2024,125,89.93,WD404,1,Could be better,Student_42,25,Other,Kolkata,17/02/2023
S042,WD404,13/02/2024,126,45.89,WD404,1,Could be better,Student_42,25,Other,Kolkata,17/02/2023
S042,DM101,10/02/2024,119,38.13,WD404,1,Could be better,Student_42,25,Other,Kolkata,17/02/2023
S043,UX303,20/01/2024,131,16.04,UX303,1,Great course!,Student_43,21,Male,Bangalore,14/07/2023
S043,DM101,12/01/2024,120,18.69,UX303,1,Great course!,Student_43,21,Male,Bangalore,14/07/2023
S043,UX303,17/01/2024,152,15.4,UX303,1,Great course!,Student_43,21,Male,Bangalore,14/07/2023
S043,UX303,26/03/2024,41,46.97,UX303,1,Great course!,Student_43,21,Male,Bangalore,14/07/2023
S043,WD404,07/01/2024,83,64.04,UX303,1,Great course!,Student_43,21,Male,Bangalore,14/07/2023
S043,UX303,14/01/2024,157,55.67,UX303,1,Great course!,Student_43,21,Male,Bangalore,14/07/2023
S043,PY202,25/03/2024,133,30.18,UX303,1,Great course!,Student_43,21,Male,Bangalore,14/07/2023
S045,UX303,14/02/2024,11,26.33,PY202,1,Great course!,Student_45,23,Female,Delhi,03/07/2023
S045,PY202,13/03/2024,178,46.07,PY202,1,Great course!,Student_45,23,Female,Delhi,03/07/2023
S045,PY202,22/03/2024,17,18.26,PY202,1,Great course!,Student_45,23,Female,Delhi,03/07/2023
S045,PY202,18/02/2024,117,50.83,PY202,1,Great course!,Student_45,23,Female,Delhi,03/07/2023
S045,PY202,17/02/2024,89,74.94,PY202,1,Great course!,Student_45,23,Female,Delhi,03/07/2023
S045,DM101,07/01/2024,49,24.17,PY202,1,Great course!,Student_45,23,Female,Delhi,03/07/2023
S045,DM101,27/03/2024,30,34.49,PY202,1,Great course!,Student_45,23,Female,Delhi,03/07/2023
S046,WD404,18/03/2024,123,47.28,WD404,4,Excellent instructor,Student_46,27,Male,Bangalore,26/06/2023
S046,PY202,06/03/2024,39,41.07,WD404,4,Excellent instructor,Student_46,27,Male,Bangalore,26/06/2023
S046,DM101,06/02/2024,161,53.8,WD404,4,Excellent instructor,Student_46,27,Male,Bangalore,26/06/2023
S046,UX303,06/01/2024,66,45.57,WD404,4,Excellent instructor,Student_46,27,Male,Bangalore,26/06/2023
S046,DM101,01/01/2024,62,37.13,WD404,4,Excellent instructor,Student_46,27,Male,Bangalore,26/06/2023
S046,PY202,18/01/2024,75,36.05,WD404,4,Excellent instructor,Student_46,27,Male,Bangalore,26/06/2023
S046,DM101,01/01/2024,137,77.23,WD404,4,Excellent instructor,Student_46,27,Male,Bangalore,26/06/2023
S046,PY202,17/01/2024,107,57.93,WD404,4,Excellent instructor,Student_46,27,Male,Bangalore,26/06/2023
S046,PY202,05/03/2024,153,85.0,WD404,4,Excellent instructor,Student_46,27,Male,Bangalore,26/06/2023
S047,DM101,20/02/2024,20,49.26,WD404,1,Too fast-paced,Student_47,21,Male,Bangalore,06/11/2023
S047,WD404,10/01/2024,90,61.82,WD404,1,Too fast-paced,Student_47,21,Male,Bangalore,06/11/2023
S047,WD404,31/03/2024,173,47.59,WD404,1,Too fast-paced,Student_47,21,Male,Bangalore,06/11/2023
S047,DM101,21/02/2024,15,96.96,WD404,1,Too fast-paced,Student_47,21,Male,Bangalore,06/11/2023
S047,PY202,20/03/2024,127,84.88,WD404,1,Too fast-paced,Student_47,21,Male,Bangalore,06/11/2023
S047,UX303,12/01/2024,121,86.0,WD404,1,Too fast-paced,Student_47,21,Male,Bangalore,06/11/2023
S047,PY202,25/02/2024,160,46.04,WD404,1,Too fast-paced,Student_47,21,Male,Bangalore,06/11/2023
S047,DM101,20/02/2024,89,77.12,WD404,1,Too fast-paced,Student_47,21,Male,Bangalore,06/11/2023
S048,UX303,22/01/2024,29,55.94,WD404,1,Great course!,Student_48,29,Male,Bangalore,16/05/2023
S048,DM101,08/03/2024,140,27.45,WD404,1,Great course!,Student_48,29,Male,Bangalore,16/05/2023
S048,UX303,14/02/2024,175,83.35,WD404,1,Great course!,Student_48,29,Male,Bangalore,16/05/2023
S048,PY202,14/01/2024,47,33.04,WD404,1,Great course!,Student_48,29,Male,Bangalore,16/05/2023
S048,PY202,18/03/2024,49,78.42,WD404,1,Great course!,Student_48,29,Male,Bangalore,16/05/2023
S048,DM101,23/01/2024,170,54.47,WD404,1,Great course!,Student_48,29,Male,Bangalore,16/05/2023
S049,UX303,21/03/2024,90,23.59,DM101,5,Very helpful,Student_49,19,Other,Chennai,23/01/2023
S049,DM101,01/03/2024,123,66.82,DM101,5,Very helpful,Student_49,19,Other,Chennai,23/01/2023
S049,UX303,16/03/2024,24,41.67,DM101,5,Very helpful,Student_49,19,Other,Chennai,23/01/2023
S049,DM101,09/02/2024,128,50.67,DM101,5,Very helpful,Student_49,19,Other,Chennai,23/01/2023
S049,DM101,17/02/2024,83,16.91,DM101,5,Very helpful,Student_49,19,Other,Chennai,23/01/2023
S049,DM101,19/03/2024,162,55.64,DM101,5,Very helpful,Student_49,19,Other,Chennai,23/01/2023
S049,WD404,15/03/2024,151,95.88,DM101,5,Very helpful,Student_49,19,Other,Chennai,23/01/2023
S049,DM101,27/02/2024,156,68.67,DM101,5,Very helpful,Student_49,19,Other,Chennai,23/01/2023
S049,UX303,18/03/2024,131,55.12,DM101,5,Very helpful,Student_49,19,Other,Chennai,23/01/2023
S049,DM101,27/02/2024,36,82.99,DM101,5,Very helpful,Student_49,19,Other,Chennai,23/01/2023
S050,DM101,05/03/2024,175,25.53,WD404,1,Well structured,Student_50,27,Female,Delhi,24/08/2023
S050,PY202,31/03/2024,122,99.19,WD404,1,Well structured,Student_50,27,Female,Delhi,24/08/2023
S050,PY202,16/02/2024,105,92.61,WD404,1,Well structured,Student_50,27,Female,Delhi,24/08/2023
S050,WD404,22/02/2024,96,71.1,WD404,1,Well structured,Student_50,27,Female,Delhi,24/08/2023
S050,DM101,21/03/2024,175,40.12,WD404,1,Well structured,Student_50,27,Female,Delhi,24/08/2023
S050,UX303,13/01/2024,152,71.05,WD404,1,Well structured,Student_50,27,Female,Delhi,24/08/2023
S050,UX303,02/02/2024,178,96.8,WD404,1,Well structured,Student_50,27,Female,Delhi,24/08/2023
S050,PY202,12/02/2024,30,62.45,WD404,1,Well structured,Student_50,27,Female,Delhi,24/08/2023
S051,UX303,09/02/2024,177,72.86,DM101,2,Could be better,Student_51,21,Male,Chennai,02/10/2023
S051,WD404,17/01/2024,162,73.8,DM101,2,Could be better,Student_51,21,Male,Chennai,02/10/2023
S051,DM101,09/02/2024,153,43.9,DM101,2,Could be better,Student_51,21,Male,Chennai,02/10/2023
S051,UX303,17/01/2024,144,18.41,DM101,2,Could be better,Student_51,21,Male,Chennai,02/10/2023
S051,WD404,06/03/2024,102,11.64,DM101,2,Could be better,Student_51,21,Male,Chennai,02/10/2023
S052,PY202,28/01/2024,97,95.29,WD404,5,Very helpful,Student_52,31,Male,Bangalore,05/03/2023
S052,WD404,25/01/2024,67,100.0,WD404,5,Very helpful,Student_52,31,Male,Bangalore,05/03/2023
S052,PY202,10/01/2024,85,86.0,WD404,5,Very helpful,Student_52,31,Male,Bangalore,05/03/2023
S052,DM101,05/03/2024,148,85.16,WD404,5,Very helpful,Student_52,31,Male,Bangalore,05/03/2023
S052,DM101,25/03/2024,96,88.88,WD404,5,Very helpful,Student_52,31,Male,Bangalore,05/03/2023
S052,PY202,17/03/2024,106,23.88,WD404,5,Very helpful,Student_52,31,Male,Bangalore,05/03/2023
S052,PY202,29/03/2024,169,82.81,WD404,5,Very helpful,Student_52,31,Male,Bangalore,05/03/2023
S053,WD404,06/01/2024,115,42.79,PY202,2,Needs improvement,Student_53,33,Male,Delhi,13/07/2023
S053,PY202,26/02/2024,166,35.64,PY202,2,Needs improvement,Student_53,33,Male,Delhi,13/07/2023
S053,WD404,30/01/2024,146,31.53,PY202,2,Needs improvement,Student_53,33,Male,Delhi,13/07/2023
S053,WD404,25/01/2024,104,71.05,PY202,2,Needs improvement,Student_53,33,Male,Delhi,13/07/2023
S053,WD404,29/02/2024,82,80.03,PY202,2,Needs improvement,Student_53,33,Male,Delhi,13/07/2023
S055,UX303,19/01/2024,45,13.45,DM101,3,Loved the examples,Student_55,25,Other,Chennai,10/10/2023
S055,WD404,30/03/2024,45,78.3,DM101,3,Loved the examples,Student_55,25,Other,Chennai,10/10/2023
S055,WD404,27/02/2024,167,10.47,DM101,3,Loved the examples,Student_55,25,Other,Chennai,10/10/2023
S055,DM101,03/01/2024,75,29.41,DM101,3,Loved the examples,Student_55,25,Other,Chennai,10/10/2023
S056,WD404,15/01/2024,83,31.39,UX303,4,Loved the examples,Student_56,31,Female,Bangalore,31/05/2023
S056,DM101,07/01/2024,71,47.78,UX303,4,Loved the examples,Student_56,31,Female,Bangalore,31/05/2023
S056,WD404,09/01/2024,38,85.3,UX303,4,Loved the examples,Student_56,31,Female,Bangalore,31/05/2023
S056,WD404,17/03/2024,147,11.48,UX303,4,Loved the examples,Student_56,31,Female,Bangalore,31/05/2023
S056,PY202,19/01/2024,84,48.63,UX303,4,Loved the examples,Student_56,31,Female,Bangalore,31/05/2023
S057,PY202,14/03/2024,116,26.86,UX303,2,Too fast-paced,Student_57,25,Other,Delhi,18/11/2023
S057,DM101,08/03/2024,102,16.09,UX303,2,Too fast-paced,Student_57,25,Other,Delhi,18/11/2023
S057,DM101,19/02/2024,130,13.92,UX303,2,Too fast-paced,Student_57,25,Other,Delhi,18/11/2023
S057,WD404,17/02/2024,74,77.26,UX303,2,Too fast-paced,Student_57,25,Other,Delhi,18/11/2023
S057,UX303,09/01/2024,98,31.7,UX303,2,Too fast-paced,Student_57,25,Other,Delhi,18/11/2023
S057,DM101,15/03/2024,95,22.01,UX303,2,Too fast-paced,Student_57,25,Other,Delhi,18/11/2023
S057,UX303,10/03/2024,96,83.22,UX303,2,Too fast-paced,Student_57,25,Other,Delhi,18/11/2023
S057,PY202,28/03/2024,128,98.27,UX303,2,Too fast-paced,Student_57,25,Other,Delhi,18/11/2023
S058,PY202,18/01/2024,26,74.44,PY202,4,Could be better,Student_58,33,Male,Bangalore,13/11/2023
S058,WD404,05/01/2024,85,28.14,PY202,4,Could be better,Student_58,33,Male,Bangalore,13/11/2023
S058,PY202,06/01/2024,90,94.0,PY202,4,Could be better,Student_58,33,Male,Bangalore,13/11/2023
S058,WD404,10/03/2024,131,32.8,PY202,4,Could be better,Student_58,33,Male,Bangalore,13/11/2023
S058,PY202,06/02/2024,101,87.59,PY202,4,Could be better,Student_58,33,Male,Bangalore,13/11/2023
S058,DM101,24/03/2024,94,34.59,PY202,4,Could be better,Student_58,33,Male,Bangalore,13/11/2023
S058,UX303,25/02/2024,112,76.9,PY202,4,Could be better,Student_58,33,Male,Bangalore,13/11/2023
S058,WD404,13/02/2024,57,54.66,PY202,4,Could be better,Student_58,33,Male,Bangalore,13/11/2023
S058,WD404,17/02/2024,142,34.0,PY202,4,Could be better,Student_58,33,Male,Bangalore,13/11/2023
S058,DM101,24/02/2024,30,48.75,PY202,4,Could be better,Student_58,33,Male,Bangalore,13/11/2023
S059,UX303,11/02/2024,36,17.21,DM101,1,Could be better,Student_59,30,Female,Delhi,05/07/2023
S059,UX303,09/02/2024,124,64.24,DM101,1,Could be better,Student_59,30,Female,Delhi,05/07/2023
S059,WD404,22/01/2024,123,41.64,DM101,1,Could be better,Student_59,30,Female,Delhi,05/07/2023
S059,DM101,15/02/2024,167,99.83,DM101,1,Could be better,Student_59,30,Female,Delhi,05/07/2023
S059,UX303,22/03/2024,24,16.75,DM101,1,Could be better,Student_59,30,Female,Delhi,05/07/2023
S061,WD404,28/01/2024,166,35.7,DM101,2,Very helpful,Student_61,30,Male,Mumbai,09/04/2023
S061,WD404,26/01/2024,41,22.22,DM101,2,Very helpful,Student_61,30,Male,Mumbai,09/04/2023
S061,DM101,27/02/2024,54,90.88,DM101,2,Very helpful,Student_61,30,Male,Mumbai,09/04/2023
S061,WD404,12/01/2024,91,70.11,DM101,2,Very helpful,Student_61,30,Male,Mumbai,09/04/2023
S061,DM101,11/03/2024,148,36.13,DM101,2,Very helpful,Student_61,30,Male,Mumbai,09/04/2023
S061,UX303,21/01/2024,173,25.67,DM101,2,Very helpful,Student_61,30,Male,Mumbai,09/04/2023
S061,UX303,06/03/2024,67,20.92,DM101,2,Very helpful,Student_61,30,Male,Mumbai,09/04/2023
S062,PY202,31/01/2024,136,12.37,PY202,4,Needs improvement,Student_62,26,Other,Mumbai,27/12/2023
S062,UX303,29/02/2024,151,21.68,PY202,4,Needs improvement,Student_62,26,Other,Mumbai,27/12/2023
S062,DM101,09/01/2024,89,45.83,PY202,4,Needs improvement,Student_62,26,Other,Mumbai,27/12/2023
S062,WD404,08/03/2024,115,79.22,PY202,4,Needs improvement,Student_62,26,Other,Mumbai,27/12/2023
S062,DM101,17/01/2024,91,67.81,PY202,4,Needs improvement,Student_62,26,Other,Mumbai,27/12/2023
S062,WD404,29/02/2024,142,41.01,PY202,4,Needs improvement,Student_62,26,Other,Mumbai,27/12/2023
S063,PY202,25/02/2024,138,91.96,PY202,2,Loved the examples,Student_63,32,Female,Mumbai,05/02/2023
S063,DM101,16/01/2024,142,23.77,PY202,2,Loved the examples,Student_63,32,Female,Mumbai,05/02/2023
S063,PY202,21/01/2024,92,94.13,PY202,2,Loved the examples,Student_63,32,Female,Mumbai,05/02/2023
S063,PY202,14/02/2024,142,90.54,PY202,2,Loved the examples,Student_63,32,Female,Mumbai,05/02/2023
S063,DM101,02/02/2024,60,67.16,PY202,2,Loved the examples,Student_63,32,Female,Mumbai,05/02/2023
S064,PY202,21/03/2024,87,65.3,WD404,4,Great course!,Student_64,30,Other,Bangalore,24/01/2023
S064,DM101,05/03/2024,174,25.18,WD404,4,Great course!,Student_64,30,Other,Bangalore,24/01/2023
S064,PY202,22/01/2024,178,66.2,WD404,4,Great course!,Student_64,30,Other,Bangalore,24/01/2023
S064,UX303,13/03/2024,20,84.27,WD404,4,Great course!,Student_64,30,Other,Bangalore,24/01/2023
S064,DM101,11/01/2024,21,95.37,WD404,4,Great course!,Student_64,30,Other,Bangalore,24/01/2023
S064,UX303,24/03/2024,63,79.03,WD404,4,Great course!,Student_64,30,Other,Bangalore,24/01/2023
S064,WD404,20/03/2024,173,12.73,WD404,4,Great course!,Student_64,30,Other,Bangalore,24/01/2023
S065,UX303,02/03/2024,72,82.42,DM101,4,Loved the examples,Student_65,18,Other,Kolkata,05/12/2023
S065,WD404,08/02/2024,126,16.57,DM101,4,Loved the examples,Student_65,18,Other,Kolkata,05/12/2023
S065,DM101,21/01/2024,122,47.41,DM101,4,Loved the examples,Student_65,18,Other,Kolkata,05/12/2023
S065,WD404,27/01/2024,97,64.6,DM101,4,Loved the examples,Student_65,18,Other,Kolkata,05/12/2023
S065,UX303,10/02/2024,98,97.78,DM101,4,Loved the examples,Student_65,18,Other,Kolkata,05/12/2023
S065,PY202,17/02/2024,141,60.55,DM101,4,Loved the examples,Student_65,18,Other,Kolkata,05/12/2023
S065,UX303,31/01/2024,129,21.03,DM101,4,Loved the examples,Student_65,18,Other,Kolkata,05/12/2023
S066,PY202,19/01/2024,34,14.55,UX303,2,Needs improvement,Student_66,24,Female,Delhi,27/04/2023
S066,WD404,19/03/2024,117,32.34,UX303,2,Needs improvement,Student_66,24,Female,Delhi,27/04/2023
S066,PY202,11/02/2024,157,74.9,UX303,2,Needs improvement,Student_66,24,Female,Delhi,27/04/2023
S066,PY202,21/01/2024,137,99.64,UX303,2,Needs improvement,Student_66,24,Female,Delhi,27/04/2023
S066,WD404,04/03/2024,88,54.76,UX303,2,Needs improvement,Student_66,24,Female,Delhi,27/04/2023
S066,DM101,20/02/2024,139,51.15,UX303,2,Needs improvement,Student_66,24,Female,Delhi,27/04/2023
S066,PY202,28/01/2024,159,41.76,UX303,2,Needs improvement,Student_66,24,Female,Delhi,27/04/2023
S066,DM101,06/02/2024,136,63.78,UX303,2,Needs improvement,Student_66,24,Female,Delhi,27/04/2023
S066,WD404,06/02/2024,147,10.74,UX303,2,Needs improvement,Student_66,24,Female,Delhi,27/04/2023
S066,DM101,25/02/2024,44,89.42,UX303,2,Needs improvement,Student_66,24,Female,Delhi,27/04/2023
S067,WD404,16/02/2024,21,46.05,DM101,5,Excellent instructor,Student_67,26,Male,Chennai,29/05/2023
S067,PY202,16/02/2024,151,35.97,DM101,5,Excellent instructor,Student_67,26,Male,Chennai,29/05/2023
S067,WD404,05/03/2024,125,78.8,DM101,5,Excellent instructor,Student_67,26,Male,Chennai,29/05/2023
S067,UX303,20/03/2024,166,20.69,DM101,5,Excellent instructor,Student_67,26,Male,Chennai,29/05/2023
S067,DM101,20/02/2024,105,81.54,DM101,5,Excellent instructor,Student_67,26,Male,Chennai,29/05/2023
S067,UX303,12/03/2024,103,77.95,DM101,5,Excellent instructor,Student_67,26,Male,Chennai,29/05/2023
S067,PY202,18/03/2024,140,46.12,DM101,5,Excellent instructor,Student_67,26,Male,Chennai,29/05/2023
S067,DM101,06/01/2024,19,22.33,DM101,5,Excellent instructor,Student_67,26,Male,Chennai,29/05/2023
S069,PY202,28/03/2024,72,12.84,WD404,3,Loved the examples,Student_69,29,Female,Chennai,30/04/2023
S069,DM101,25/01/2024,14,49.69,WD404,3,Loved the examples,Student_69,29,Female,Chennai,30/04/2023
S069,WD404,20/01/2024,115,72.15,WD404,3,Loved the examples,Student_69,29,Female,Chennai,30/04/2023
S069,WD404,05/03/2024,166,92.85,WD404,3,Loved the examples,Student_69,29,Female,Chennai,30/04/2023
S069,DM101,31/03/2024,45,56.68,WD404,3,Loved the examples,Student_69,29,Female,Chennai,30/04/2023
S069,UX303,25/03/2024,132,57.29,WD404,3,Loved the examples,Student_69,29,Female,Chennai,30/04/2023
S069,UX303,23/01/2024,127,92.09,WD404,3,Loved the examples,Student_69,29,Female,Chennai,30/04/2023
S069,UX303,10/03/2024,100,70.83,WD404,3,Loved the examples,Student_69,29,Female,Chennai,30/04/2023
S069,UX303,19/03/2024,133,27.3,WD404,3,Loved the examples,Student_69,29,Female,Chennai,30/04/2023
S070,UX303,12/03/2024,86,30.24,DM101,1,Well structured,Student_70,25,Male,Delhi,21/02/2023
S070,UX303,06/02/2024,63,72.12,DM101,1,Well structured,Student_70,25,Male,Delhi,21/02/2023
S070,WD404,10/02/2024,132,41.39,DM101,1,Well structured,Student_70,25,Male,Delhi,21/02/2023
S070,UX303,06/02/2024,41,61.61,DM101,1,Well structured,Student_70,25,Male,Delhi,21/02/2023
S070,WD404,20/02/2024,98,95.91,DM101,1,Well structured,Student_70,25,Male,Delhi,21/02/2023
S070,PY202,07/02/2024,20,35.89,DM101,1,Well structured,Student_70,25,Male,Delhi,21/02/2023
S071,UX303,26/02/2024,177,33.08,WD404,2,Too fast-paced,Student_71,28,Female,Kolkata,14/07/2023
S071,WD404,28/01/2024,61,84.52,WD404,2,Too fast-paced,Student_71,28,Female,Kolkata,14/07/2023
S071,UX303,12/03/2024,79,22.35,WD404,2,Too fast-paced,Student_71,28,Female,Kolkata,14/07/2023
S071,PY202,01/02/2024,22,70.29,WD404,2,Too fast-paced,Student_71,28,Female,Kolkata,14/07/2023
S072,PY202,07/01/2024,35,47.2,UX303,5,Too fast-paced,Student_72,34,Female,Chennai,23/05/2023
S072,WD404,13/01/2024,45,10.47,UX303,5,Too fast-paced,Student_72,34,Female,Chennai,23/05/2023
S072,PY202,22/02/2024,177,94.15,UX303,5,Too fast-paced,Student_72,34,Female,Chennai,23/05/2023
S072,WD404,02/03/2024,176,27.95,UX303,5,Too fast-paced,Student_72,34,Female,Chennai,23/05/2023
S072,UX303,11/02/2024,83,68.13,UX303,5,Too fast-paced,Student_72,34,Female,Chennai,23/05/2023
S072,DM101,24/03/2024,156,30.9,UX303,5,Too fast-paced,Student_72,34,Female,Chennai,23/05/2023
S073,PY202,23/02/2024,55,94.05,WD404,4,Could be better,Student_73,25,Other,Bangalore,21/08/2023
S073,DM101,20/02/2024,136,26.77,WD404,4,Could be better,Student_73,25,Other,Bangalore,21/08/2023
S073,UX303,05/01/2024,12,36.86,WD404,4,Could be better,Student_73,25,Other,Bangalore,21/08/2023
S074,UX303,06/02/2024,126,99.02,DM101,3,Too fast-paced,Student_74,20,Female,Delhi,22/11/2023
S074,WD404,18/01/2024,139,52.12,DM101,3,Too fast-paced,Student_74,20,Female,Delhi,22/11/2023
S074,PY202,15/01/2024,94,24.62,DM101,3,Too fast-paced,Student_74,20,Female,Delhi,22/11/2023
S074,WD404,23/03/2024,75,74.67,DM101,3,Too fast-paced,Student_74,20,Female,Delhi,22/11/2023
S075,UX303,07/02/2024,155,70.7,WD404,1,Well structured,Student_75,20,Other,Delhi,06/07/2023
S075,PY202,23/01/2024,166,87.05,WD404,1,Well structured,Student_75,20,Other,Delhi,06/07/2023
S075,WD404,24/02/2024,141,39.51,WD404,1,Well structured,Student_75,20,Other,Delhi,06/07/2023
S076,DM101,24/01/2024,45,52.97,WD404,5,Very helpful,Student_76,18,Male,Chennai,25/03/2023
S076,PY202,01/01/2024,76,44.52,WD404,5,Very helpful,Student_76,18,Male,Chennai,25/03/2023
S076,WD404,04/02/2024,94,37.18,WD404,5,Very helpful,Student_76,18,Male,Chennai,25/03/2023
S076,DM101,03/02/2024,177,42.36,WD404,5,Very helpful,Student_76,18,Male,Chennai,25/03/2023
S076,PY202,08/01/2024,180,20.64,WD404,5,Very helpful,Student_76,18,Male,Chennai,25/03/2023
S076,UX303,21/01/2024,113,71.75,WD404,5,Very helpful,Student_76,18,Male,Chennai,25/03/2023
S076,UX303,29/03/2024,40,67.48,WD404,5,Very helpful,Student_76,18,Male,Chennai,25/03/2023
S076,UX303,17/02/2024,167,29.88,WD404,5,Very helpful,Student_76,18,Male,Chennai,25/03/2023
S076,PY202,02/03/2024,49,50.95,WD404,5,Very helpful,Student_76,18,Male,Chennai,25/03/2023
S077,WD404,30/03/2024,150,92.15,PY202,5,Could be better,Student_77,22,Male,Bangalore,09/07/2023
S077,PY202,01/02/2024,162,88.58,PY202,5,Could be better,Student_77,22,Male,Bangalore,09/07/2023
S077,DM101,08/03/2024,124,57.54,PY202,5,Could be better,Student_77,22,Male,Bangalore,09/07/2023
S077,UX303,10/01/2024,154,20.1,PY202,5,Could be better,Student_77,22,Male,Bangalore,09/07/2023
S077,PY202,14/03/2024,147,23.49,PY202,5,Could be better,Student_77,22,Male,Bangalore,09/07/2023
S077,UX303,07/03/2024,123,20.46,PY202,5,Could be better,Student_77,22,Male,Bangalore,09/07/2023
S077,PY202,15/03/2024,135,18.18,PY202,5,Could be better,Student_77,22,Male,Bangalore,09/07/2023
S077,WD404,08/01/2024,126,21.87,PY202,5,Could be better,Student_77,22,Male,Bangalore,09/07/2023
S078,WD404,13/03/2024,24,60.29,UX303,5,Needs improvement,Student_78,27,Male,Bangalore,01/07/2023
S078,UX303,03/01/2024,111,32.9,UX303,5,Needs improvement,Student_78,27,Male,Bangalore,01/07/2023
S078,DM101,28/01/2024,158,16.57,UX303,5,Needs improvement,Student_78,27,Male,Bangalore,01/07/2023
S078,WD404,14/02/2024,26,58.7,UX303,5,Needs improvement,Student_78,27,Male,Bangalore,01/07/2023
S078,DM101,09/01/2024,130,12.86,UX303,5,Needs improvement,Student_78,27,Male,Bangalore,01/07/2023
S078,WD404,24/01/2024,44,78.92,UX303,5,Needs improvement,Student_78,27,Male,Bangalore,01/07/2023
S078,WD404,17/02/2024,107,50.37,UX303,5,Needs improvement,Student_78,27,Male,Bangalore,01/07/2023
S078,WD404,18/02/2024,30,71.45,UX303,5,Needs improvement,Student_78,27,Male,Bangalore,01/07/2023
S078,PY202,24/03/2024,99,20.68,UX303,5,Needs improvement,Student_78,27,Male,Bangalore,01/07/2023
S080,PY202,05/03/2024,84,31.07,DM101,2,Needs improvement,Student_80,26,Other,Bangalore,10/12/2023
S080,UX303,14/03/2024,163,79.53,DM101,2,Needs improvement,Student_80,26,Other,Bangalore,10/12/2023
S080,UX303,31/01/2024,87,88.86,DM101,2,Needs improvement,Student_80,26,Other,Bangalore,10/12/2023
S081,WD404,08/02/2024,80,15.49,DM101,4,Needs improvement,Student_81,24,Male,Bangalore,17/05/2023
S081,PY202,21/03/2024,119,60.03,DM101,4,Needs improvement,Student_81,24,Male,Bangalore,17/05/2023
S081,DM101,14/02/2024,174,70.42,DM101,4,Needs improvement,Student_81,24,Male,Bangalore,17/05/2023
S081,UX303,30/03/2024,116,46.74,DM101,4,Needs improvement,Student_81,24,Male,Bangalore,17/05/2023
S081,UX303,18/02/2024,57,77.9,DM101,4,Needs improvement,Student_81,24,Male,Bangalore,17/05/2023
S081,WD404,31/01/2024,67,37.07,DM101,4,Needs improvement,Student_81,24,Male,Bangalore,17/05/2023
S082,WD404,08/01/2024,153,47.14,WD404,2,Too fast-paced,Student_82,26,Female,Bangalore,26/12/2023
S082,WD404,12/03/2024,145,22.07,WD404,2,Too fast-paced,Student_82,26,Female,Bangalore,26/12/2023
S082,PY202,02/02/2024,62,39.72,WD404,2,Too fast-paced,Student_82,26,Female,Bangalore,26/12/2023
S082,DM101,27/02/2024,104,18.32,WD404,2,Too fast-paced,Student_82,26,Female,Bangalore,26/12/2023
S082,PY202,07/01/2024,78,43.95,WD404,2,Too fast-paced,Student_82,26,Female,Bangalore,26/12/2023
S083,DM101,25/01/2024,160,75.19,DM101,5,Well structured,Student_83,25,Female,Mumbai,16/12/2023
S083,PY202,02/03/2024,63,88.25,DM101,5,Well structured,Student_83,25,Female,Mumbai,16/12/2023
S083,UX303,08/02/2024,13,29.06,DM101,5,Well structured,Student_83,25,Female,Mumbai,16/12/2023
S087,DM101,20/03/2024,173,70.01,DM101,1,Well structured,Student_87,33,Male,Delhi,22/11/2023
S087,WD404,25/03/2024,134,11.42,DM101,1,Well structured,Student_87,33,Male,Delhi,22/11/2023
S087,WD404,02/01/2024,14,57.65,DM101,1,Well structured,Student_87,33,Male,Delhi,22/11/2023
S087,UX303,09/03/2024,83,11.54,DM101,1,Well structured,Student_87,33,Male,Delhi,22/11/2023
S087,WD404,23/01/2024,37,92.62,DM101,1,Well structured,Student_87,33,Male,Delhi,22/11/2023
S087,PY202,31/01/2024,59,65.78,DM101,1,Well structured,Student_87,33,Male,Delhi,22/11/2023
S087,UX303,15/02/2024,78,81.54,DM101,1,Well structured,Student_87,33,Male,Delhi,22/11/2023
S087,DM101,17/02/2024,113,51.31,DM101,1,Well structured,Student_87,33,Male,Delhi,22/11/2023
S088,PY202,08/02/2024,30,68.84,DM101,1,Too fast-paced,Student_88,22,Male,Kolkata,29/03/2023
S088,DM101,12/01/2024,113,44.13,DM101,1,Too fast-paced,Student_88,22,Male,Kolkata,29/03/2023
S088,WD404,08/01/2024,173,10.85,DM101,1,Too fast-paced,Student_88,22,Male,Kolkata,29/03/2023
S088,PY202,11/01/2024,137,86.08,DM101,1,Too fast-paced,Student_88,22,Male,Kolkata,29/03/2023
S088,UX303,13/03/2024,34,90.53,DM101,1,Too fast-paced,Student_88,22,Male,Kolkata,29/03/2023
S088,DM101,30/01/2024,64,91.11,DM101,1,Too fast-paced,Student_88,22,Male,Kolkata,29/03/2023
S089,UX303,06/01/2024,29,71.6,PY202,4,Excellent instructor,Student_89,20,Other,Chennai,01/10/2023
S089,UX303,10/03/2024,154,69.23,PY202,4,Excellent instructor,Student_89,20,Other,Chennai,01/10/2023
S089,PY202,10/02/2024,14,96.53,PY202,4,Excellent instructor,Student_89,20,Other,Chennai,01/10/2023
S089,PY202,20/02/2024,29,36.93,PY202,4,Excellent instructor,Student_89,20,Other,Chennai,01/10/2023
S089,PY202,13/03/2024,109,70.93,PY202,4,Excellent instructor,Student_89,20,Other,Chennai,01/10/2023
S089,UX303,19/02/2024,45,81.14,PY202,4,Excellent instructor,Student_89,20,Other,Chennai,01/10/2023
S089,DM101,05/03/2024,98,14.83,PY202,4,Excellent instructor,Student_89,20,Other,Chennai,01/10/2023
S089,WD404,30/01/2024,29,40.65,PY202,4,Excellent instructor,Student_89,20,Other,Chennai,01/10/2023
S089,WD404,11/02/2024,17,67.07,PY202,4,Excellent instructor,Student_89,20,Other,Chennai,01/10/2023
S089,WD404,03/03/2024,68,42.02,PY202,4,Excellent instructor,Student_89,20,Other,Chennai,01/10/2023
S090,WD404,24/01/2024,159,69.46,DM101,3,Well structured,Student_90,29,Female,Kolkata,06/05/2023
S090,DM101,20/03/2024,85,81.82,DM101,3,Well structured,Student_90,29,Female,Kolkata,06/05/2023
S090,DM101,11/01/2024,78,23.88,DM101,3,Well structured,Student_90,29,Female,Kolkata,06/05/2023
S090,PY202,19/02/2024,91,42.46,DM101,3,Well structured,Student_90,29,Female,Kolkata,06/05/2023
S090,DM101,01/01/2024,88,50.03,DM101,3,Well structured,Student_90,29,Female,Kolkata,06/05/2023
S090,UX303,14/01/2024,43,17.86,DM101,3,Well structured,Student_90,29,Female,Kolkata,06/05/2023
S090,WD404,27/02/2024,152,59.93,DM101,3,Well structured,Student_90,29,Female,Kolkata,06/05/2023
S090,WD404,14/01/2024,16,18.07,DM101,3,Well structured,Student_90,29,Female,Kolkata,06/05/2023
S090,DM101,17/03/2024,163,80.6,DM101,3,Well structured,Student_90,29,Female,Kolkata,06/05/2023
S091,DM101,07/02/2024,115,44.9,DM101,3,Very helpful,Student_91,25,Female,Bangalore,25/03/2023
S091,DM101,12/03/2024,72,61.48,DM101,3,Very helpful,Student_91,25,Female,Bangalore,25/03/2023
S091,PY202,28/03/2024,107,25.26,DM101,3,Very helpful,Student_91,25,Female,Bangalore,25/03/2023
S091,UX303,08/02/2024,78,54.38,DM101,3,Very helpful,Student_91,25,Female,Bangalore,25/03/2023
S091,DM101,22/01/2024,121,34.84,DM101,3,Very helpful,Student_91,25,Female,Bangalore,25/03/2023
S091,UX303,02/03/2024,29,42.5,DM101,3,Very helpful,Student_91,25,Female,Bangalore,25/03/2023
S091,PY202,21/03/2024,136,63.44,DM101,3,Very helpful,Student_91,25,Female,Bangalore,25/03/2023
S091,PY202,28/02/2024,37,22.19,DM101,3,Very helpful,Student_91,25,Female,Bangalore,25/03/2023
S091,DM101,20/02/2024,95,85.75,DM101,3,Very helpful,Student_91,25,Female,Bangalore,25/03/2023
S092,UX303,26/02/2024,95,48.76,WD404,3,Well structured,Student_92,20,Male,Chennai,25/08/2023
S092,PY202,08/02/2024,92,64.29,WD404,3,Well structured,Student_92,20,Male,Chennai,25/08/2023
S092,PY202,02/03/2024,90,25.99,WD404,3,Well structured,Student_92,20,Male,Chennai,25/08/2023
S092,WD404,10/02/2024,84,76.14,WD404,3,Well structured,Student_92,20,Male,Chennai,25/08/2023
S092,WD404,14/03/2024,72,39.33,WD404,3,Well structured,Student_92,20,Male,Chennai,25/08/2023
S092,UX303,20/02/2024,103,20.25,WD404,3,Well structured,Student_92,20,Male,Chennai,25/08/2023
S092,PY202,16/03/2024,149,26.19,WD404,3,Well structured,Student_92,20,Male,Chennai,25/08/2023
S092,DM101,29/02/2024,63,49.46,WD404,3,Well structured,Student_92,20,Male,Chennai,25/08/2023
S092,UX303,29/03/2024,27,83.71,WD404,3,Well structured,Student_92,20,Male,Chennai,25/08/2023
S093,WD404,18/01/2024,172,37.25,DM101,1,Needs improvement,Student_93,18,Female,Bangalore,14/07/2023
S093,UX303,25/03/2024,49,74.37,DM101,1,Needs improvement,Student_93,18,Female,Bangalore,14/07/2023
S093,WD404,10/01/2024,124,99.16,DM101,1,Needs improvement,Student_93,18,Female,Bangalore,14/07/2023
S093,WD404,15/03/2024,112,58.09,DM101,1,Needs improvement,Student_93,18,Female,Bangalore,14/07/2023
S093,WD404,10/03/2024,19,81.16,DM101,1,Needs improvement,Student_93,18,Female,Bangalore,14/07/2023
S093,UX303,30/03/2024,147,63.44,DM101,1,Needs improvement,Student_93,18,Female,Bangalore,14/07/2023
S093,DM101,14/01/2024,73,69.18,DM101,1,Needs improvement,Student_93,18,Female,Bangalore,14/07/2023
S093,UX303,22/01/2024,175,65.14,DM101,1,Needs improvement,Student_93,18,Female,Bangalore,14/07/2023
S093,WD404,12/02/2024,120,19.54,DM101,1,Needs improvement,Student_93,18,Female,Bangalore,14/07/2023
S094,UX303,29/01/2024,140,77.22,PY202,4,Well structured,Student_94,20,Female,Delhi,19/05/2023
S094,PY202,27/02/2024,105,45.2,PY202,4,Well structured,Student_94,20,Female,Delhi,19/05/2023
S094,PY202,14/02/2024,16,53.45,PY202,4,Well structured,Student_94,20,Female,Delhi,19/05/2023
S094,UX303,23/02/2024,31,20.45,PY202,4,Well structured,Student_94,20,Female,Delhi,19/05/2023
S095,UX303,09/02/2024,97,50.98,DM101,3,Too fast-paced,Student_95,22,Other,Delhi,24/11/2023
S095,PY202,07/03/2024,133,41.35,DM101,3,Too fast-paced,Student_95,22,Other,Delhi,24/11/2023
S095,DM101,26/02/2024,125,38.7,DM101,3,Too fast-paced,Student_95,22,Other,Delhi,24/11/2023
S095,UX303,06/01/2024,39,12.03,DM101,3,Too fast-paced,Student_95,22,Other,Delhi,24/11/2023
S095,UX303,23/03/2024,37,70.94,DM101,3,Too fast-paced,Student_95,22,Other,Delhi,24/11/2023
S096,PY202,07/03/2024,54,59.67,DM101,1,Too fast-paced,Student_96,32,Other,Chennai,19/12/2023
S096,UX303,12/03/2024,119,96.26,DM101,1,Too fast-paced,Student_96,32,Other,Chennai,19/12/2023
S096,PY202,21/02/2024,171,26.6,DM101,1,Too fast-paced,Student_96,32,Other,Chennai,19/12/2023
S096,WD404,20/02/2024,17,76.36,DM101,1,Too fast-paced,Student_96,32,Other,Chennai,19/12/2023
S096,PY202,27/02/2024,161,48.66,DM101,1,Too fast-paced,Student_96,32,Other,Chennai,19/12/2023
S097,PY202,27/01/2024,81,77.71,PY202,5,Loved the examples,Student_97,31,Other,Chennai,13/10/2023
S097,DM101,14/03/2024,36,81.96,PY202,5,Loved the examples,Student_97,31,Other,Chennai,13/10/2023
S097,PY202,16/02/2024,93,27.74,PY202,5,Loved the examples,Student_97,31,Other,Chennai,13/10/2023
S098,UX303,26/03/2024,135,57.49,WD404,3,Great course!,Student_98,20,Other,Kolkata,23/04/2023
S098,UX303,17/03/2024,109,65.02,WD404,3,Great course!,Student_98,20,Other,Kolkata,23/04/2023
S098,DM101,14/02/2024,100,86.1,WD404,3,Great course!,Student_98,20,Other,Kolkata,23/04/2023
S098,PY202,27/03/2024,86,92.68,WD404,3,Great course!,Student_98,20,Other,Kolkata,23/04/2023
S099,PY202,10/02/2024,40,31.47,WD404,5,Needs improvement,Student_99,18,Male,Kolkata,17/12/2023
S099,DM101,24/01/2024,105,72.41,WD404,5,Needs improvement,Student_99,18,Male,Kolkata,17/12/2023
S099,WD404,23/02/2024,162,22.41,WD404,5,Needs improvement,Student_99,18,Male,Kolkata,17/12/2023
S099,WD404,24/02/2024,57,53.8,WD404,5,Needs improvement,Student_99,18,Male,Kolkata,17/12/2023
S100,PY202,03/03/2024,83,22.63,DM101,4,Too fast-paced,Student_100,22,Other,Bangalore,16/06/2023
S100,UX303,27/02/2024,168,14.83,DM101,4,Too fast-paced,Student_100,22,Other,Bangalore,16/06/2023
S100,UX303,02/01/2024,134,22.29,DM101,4,Too fast-paced,Student_100,22,Other,Bangalore,16/06/2023
S100,WD404,12/03/2024,139,68.78,DM101,4,Too fast-paced,Student_100,22,Other,Bangalore,16/06/2023
S100,WD404,28/03/2024,135,47.41,DM101,4,Too fast-paced,Student_100,22,Other,Bangalore,16/06/2023
